model,r2_mean,r2_std,mae_mean,mae_std,elapsed_s
Baseline (predict mean),-0.00793502294336088,0.004174865246644979,13038.743154477745,666.828996929152,0.10384988784790039
Ridge Regression,0.3566043361661202,0.05572885577267868,10043.735012660687,749.558767541356,0.2068805694580078
Random Forest,0.3536020664178885,0.07880776767433666,10018.474769734119,841.8016685457101,38.237799882888794
XGBoost,0.36788964798081747,0.07367318953564168,9729.697835348417,793.9959567146601,6.742294788360596
