model,r2_mean,r2_std,mae_mean,mae_std,elapsed_s
Baseline (predict mean),-0.01135880803166911,0.011366696407729422,28279.69366213875,1995.952303514242,18.928026914596558
Ridge Regression,0.45933034716551396,0.07819154449375279,19501.68330822769,838.9219454782217,8.359920978546143
Random Forest,0.4951656365577464,0.04275510003455662,17122.934479820666,975.8233646424932,22.289462566375732
XGBoost,0.5123704512713171,0.06826586332528392,16924.799980478467,772.5127367300915,7.899696350097656
